filename,width,height,class,xmin,ymin,xmax,ymax
MAL (1).jpg,259,194,Malaria,48,27,78,57
MAL (1).jpg,259,194,Malaria,77,36,103,62
MAL (1).jpg,259,194,Malaria,135,33,164,58
MAL (1).jpg,259,194,Malaria,102,41,125,65
MAL (1).jpg,259,194,Malaria,70,100,95,124
MAL (1).jpg,259,194,Malaria,111,89,135,112
MAL (1).jpg,259,194,Malaria,156,59,181,83
MAL (1).jpg,259,194,Malaria,202,60,227,84
MAL (1).jpg,259,194,Malaria,190,32,215,56
MAL (1).jpg,259,194,Malaria,189,87,213,107
MAL (1).jpg,259,194,Malaria,206,99,231,123
MAL (1).jpg,259,194,Malaria,145,113,168,136
MAL (1).jpg,259,194,Malaria,126,123,149,146
MAL (1).jpg,259,194,Malaria,110,140,133,163
MAL (1).jpg,259,194,Malaria,130,148,153,171
MAL (1).jpg,259,194,Malaria,148,136,171,159
MAL (1).jpg,259,194,Malaria,167,151,190,174
MAL (1).jpg,259,194,Malaria,149,167,175,190
MAL (1).jpg,259,194,Malaria,217,125,240,148
MAL (1).jpg,259,194,Malaria,217,147,240,168
MAL (1).jpg,259,194,Malaria,71,130,96,154
MAL (1).jpg,259,194,Malaria,225,59,251,86
MAL (1).jpg,259,194,Malaria,148,85,173,109
MAL (1).jpg,259,194,Malaria,119,57,143,80
MAL (1).jpg,259,194,Malaria,25,66,49,89
MAL (1).jpg,259,194,Malaria,31,96,57,118
MAL (1).jpg,259,194,Malaria,36,124,59,149
MAL (1).jpg,259,194,Malaria,11,123,38,147
MAL (1).jpg,259,194,Malaria,13,147,40,171
MAL (1).jpg,259,194,Malaria,35,1,60,17
MAL (1).jpg,259,194,Malaria,21,10,48,32
MAL (1).jpg,259,194,Malaria,10,31,37,53
MAL (1).jpg,259,194,Malaria,9,53,31,74
MAL (1).jpg,259,194,Malaria,6,75,28,97
MAL (1).jpg,259,194,Malaria,104,1,124,14
MAL (1).jpg,259,194,Malaria,123,1,141,17
MAL (1).jpg,259,194,Malaria,141,1,161,12
MAL (1).jpg,259,194,Malaria,178,5,201,23
MAL (1).jpg,259,194,Malaria,217,1,239,20
MAL (1).jpg,259,194,Malaria,230,38,252,58
MAL (1).jpg,259,194,Malaria,207,38,231,60
MAL (1).jpg,259,194,Malaria,189,34,213,56
MAL (1).jpg,259,194,Malaria,182,55,205,80
MAL (1).jpg,259,194,Malaria,54,156,79,182
MAL (1).jpg,259,194,Malaria,86,162,111,188
MAL (1).jpg,259,194,Malaria,34,172,56,194
MAL (1).jpg,259,194,Malaria,18,186,37,194
MAL (1).jpg,259,194,Malaria,239,108,259,128
MAL (1).jpg,259,194,Malaria,240,129,259,153
MAL (1).jpg,259,194,Malaria,204,162,228,185
MAL (1).jpg,259,194,Malaria,185,156,207,184
MAL (1).jpg,259,194,Malaria,85,59,109,86
MAL (1).jpg,259,194,Malaria,102,68,125,91
MAL (1).jpg,259,194,Malaria,89,87,112,110
MAL (1).jpg,259,194,Malaria,36,83,65,102
MAL (1).jpg,259,194,Malaria,125,175,149,194
MAL (1).jpg,259,194,Malaria,1,12,13,35
MAL (1).jpg,259,194,Malaria,1,45,10,69
MAL (1).jpg,259,194,Malaria,1,70,6,88
MAL (1).jpg,259,194,Malaria,1,90,14,111
MAL (1).jpg,259,194,Malaria,1,111,8,131
MAL (1).jpg,259,194,Malaria,1,145,9,166
MAL (1).jpg,259,194,Malaria,232,159,256,182
MAL (1).jpg,259,194,Malaria,248,89,259,108
MAL (1).jpg,259,194,Malaria,251,63,259,85
MAL (1).jpg,259,194,Malaria,253,34,258,51
MAL (1).jpg,259,194,Malaria,247,11,259,31
MAL (1).jpg,259,194,Malaria,241,1,259,11
MAL (100).jpg,244,179,Malaria,45,88,101,123
MAL (100).jpg,244,179,Malaria,64,19,105,47
MAL (100).jpg,244,179,Malaria,190,139,227,165
MAL (100).jpg,244,179,Malaria,175,92,215,140
MAL (100).jpg,244,179,Malaria,1,99,46,145
MAL (100).jpg,244,179,Malaria,1,23,64,92
MAL (100).jpg,244,179,Malaria,181,49,227,90
MAL (100).jpg,244,179,Malaria,195,10,242,48
MAL (101).jpg,262,192,Malaria,29,23,54,43
MAL (101).jpg,262,192,Malaria,114,1,139,20
MAL (101).jpg,262,192,Malaria,124,31,149,51
MAL (101).jpg,262,192,Malaria,80,41,105,61
MAL (101).jpg,262,192,Malaria,90,62,115,82
MAL (101).jpg,262,192,Malaria,91,1,111,22
MAL (101).jpg,262,192,Malaria,78,1,93,15
MAL (101).jpg,262,192,Malaria,68,4,77,12
MAL (101).jpg,262,192,Malaria,218,10,237,40
MAL (101).jpg,262,192,Malaria,141,126,160,156
MAL (101).jpg,262,192,Malaria,182,109,201,139
MAL (101).jpg,262,192,Malaria,117,52,140,79
MAL (101).jpg,262,192,Malaria,112,51,121,61
MAL (101).jpg,262,192,Malaria,57,94,79,124
MAL (101).jpg,262,192,Malaria,148,57,179,95
MAL (101).jpg,262,192,Malaria,45,124,74,158
MAL (101).jpg,262,192,Malaria,1,72,16,105
MAL (101).jpg,262,192,Malaria,179,63,201,93
MAL (101).jpg,262,192,Malaria,166,5,222,36
MAL (101).jpg,262,192,Malaria,79,79,114,108
MAL (101).jpg,262,192,Malaria,6,39,40,74
MAL (101).jpg,262,192,Malaria,1,156,34,191
MAL (101).jpg,262,192,Malaria,82,168,107,192
MAL (101).jpg,262,192,Malaria,163,143,200,179
MAL (101).jpg,262,192,Malaria,238,16,262,53
MAL (101).jpg,262,192,Malaria,76,124,108,162
MAL (101).jpg,262,192,Malaria,106,122,138,160
MAL (101).jpg,262,192,Malaria,201,135,237,191
MAL (101).jpg,262,192,Malaria,222,85,254,131
MAL (102).jpg,248,204,Malaria,71,3,117,34
MAL (102).jpg,248,204,Malaria,163,30,224,54
MAL (102).jpg,248,204,Malaria,158,55,177,77
MAL (102).jpg,248,204,Malaria,127,46,156,76
MAL (102).jpg,248,204,Malaria,126,20,160,43
MAL (102).jpg,248,204,Malaria,3,57,12,78
MAL (102).jpg,248,204,Malaria,126,2,144,19
MAL (102).jpg,248,204,Malaria,3,35,16,56
MAL (102).jpg,248,204,Malaria,18,104,30,115
MAL (102).jpg,248,204,Malaria,32,112,42,122
MAL (102).jpg,248,204,Malaria,37,109,47,116
MAL (102).jpg,248,204,Malaria,57,105,69,116
MAL (102).jpg,248,204,Malaria,48,107,57,115
MAL (102).jpg,248,204,Malaria,11,116,24,129
MAL (102).jpg,248,204,Malaria,46,130,56,140
MAL (102).jpg,248,204,Malaria,60,139,69,146
MAL (102).jpg,248,204,Malaria,15,155,23,163
MAL (102).jpg,248,204,Malaria,6,180,14,188
MAL (102).jpg,248,204,Malaria,65,175,74,184
MAL (102).jpg,248,204,Malaria,70,129,78,137
MAL (102).jpg,248,204,Malaria,58,119,71,128
MAL (102).jpg,248,204,Malaria,61,85,71,95
MAL (102).jpg,248,204,Malaria,70,91,79,97
MAL (102).jpg,248,204,Malaria,178,90,186,97
MAL (102).jpg,248,204,Malaria,181,104,191,114
MAL (102).jpg,248,204,Malaria,179,131,186,137
MAL (102).jpg,248,204,Malaria,202,152,215,160
MAL (102).jpg,248,204,Malaria,189,175,201,184
MAL (102).jpg,248,204,Malaria,228,129,237,136
MAL (102).jpg,248,204,Malaria,211,111,220,116
MAL (102).jpg,248,204,Malaria,180,185,189,195
MAL (102).jpg,248,204,Malaria,170,150,176,156
MAL (102).jpg,248,204,Malaria,202,166,211,173
MAL (102).jpg,248,204,Malaria,215,137,223,147
MAL (102).jpg,248,204,Malaria,211,177,220,186
MAL (102).jpg,248,204,Malaria,186,139,193,146
MAL (103).jpg,247,170,Malaria,96,27,123,46
MAL (103).jpg,247,170,Malaria,39,16,65,37
MAL (103).jpg,247,170,Malaria,42,60,62,80
MAL (103).jpg,247,170,Malaria,23,65,45,92
MAL (103).jpg,247,170,Malaria,154,50,171,72
MAL (103).jpg,247,170,Malaria,189,66,217,87
MAL (103).jpg,247,170,Malaria,172,47,189,73
MAL (103).jpg,247,170,Malaria,76,1,105,24
MAL (103).jpg,247,170,Malaria,100,1,124,12
MAL (103).jpg,247,170,Malaria,34,1,75,12
MAL (103).jpg,247,170,Malaria,2,42,24,65
MAL (103).jpg,247,170,Malaria,8,96,37,115
MAL (103).jpg,247,170,Malaria,36,136,60,156
MAL (103).jpg,247,170,Malaria,66,138,89,159
MAL (103).jpg,247,170,Malaria,98,147,120,167
MAL (103).jpg,247,170,Malaria,123,137,151,160
MAL (103).jpg,247,170,Malaria,150,86,169,104
MAL (103).jpg,247,170,Malaria,143,105,162,125
MAL (103).jpg,247,170,Malaria,142,126,164,145
MAL (103).jpg,247,170,Malaria,165,129,186,149
MAL (103).jpg,247,170,Malaria,184,145,203,164
MAL (103).jpg,247,170,Malaria,209,147,231,169
MAL (103).jpg,247,170,Malaria,1,70,18,96
MAL (103).jpg,247,170,Malaria,157,8,178,29
MAL (103).jpg,247,170,Malaria,178,16,196,35
MAL (103).jpg,247,170,Malaria,219,12,239,31
MAL (103).jpg,247,170,Malaria,173,87,191,105
MAL (103).jpg,247,170,Malaria,194,89,212,106
MAL (103).jpg,247,170,Malaria,186,122,205,145
MAL (103).jpg,247,170,Malaria,1,21,8,41
MAL (103).jpg,247,170,Malaria,213,39,235,61
MAL (103).jpg,247,170,Malaria,200,15,224,41
MAL (103).jpg,247,170,Malaria,157,152,183,170
MAL (103).jpg,247,170,Malaria,225,85,247,104
MAL (103).jpg,247,170,Malaria,218,98,239,117
MAL (103).jpg,247,170,Malaria,232,105,247,122
MAL (104).jpg,274,184,Malaria,2,16,23,38
MAL (104).jpg,274,184,Malaria,53,35,82,71
MAL (104).jpg,274,184,Malaria,15,43,34,59
MAL (104).jpg,274,184,Malaria,21,60,37,74
MAL (104).jpg,274,184,Malaria,7,66,24,83
MAL (104).jpg,274,184,Malaria,1,81,17,96
MAL (104).jpg,274,184,Malaria,43,95,61,112
MAL (104).jpg,274,184,Malaria,50,111,67,130
MAL (104).jpg,274,184,Malaria,94,97,115,119
MAL (104).jpg,274,184,Malaria,101,83,122,100
MAL (104).jpg,274,184,Malaria,124,84,146,104
MAL (104).jpg,274,184,Malaria,147,114,169,132
MAL (104).jpg,274,184,Malaria,80,128,100,146
MAL (104).jpg,274,184,Malaria,104,39,123,59
MAL (104).jpg,274,184,Malaria,102,58,119,78
MAL (104).jpg,274,184,Malaria,134,28,151,46
MAL (104).jpg,274,184,Malaria,132,44,149,60
MAL (104).jpg,274,184,Malaria,118,54,134,74
MAL (104).jpg,274,184,Malaria,133,61,149,79
MAL (104).jpg,274,184,Malaria,149,69,165,85
MAL (104).jpg,274,184,Malaria,146,52,163,70
MAL (104).jpg,274,184,Malaria,164,54,184,74
MAL (104).jpg,274,184,Malaria,183,61,200,78
MAL (104).jpg,274,184,Malaria,171,35,189,54
MAL (104).jpg,274,184,Malaria,170,14,192,38
MAL (104).jpg,274,184,Malaria,210,30,229,49
MAL (104).jpg,274,184,Malaria,202,46,218,65
MAL (104).jpg,274,184,Malaria,187,44,202,60
MAL (104).jpg,274,184,Malaria,72,1,92,12
MAL (104).jpg,274,184,Malaria,233,13,255,34
MAL (104).jpg,274,184,Malaria,192,86,209,104
MAL (104).jpg,274,184,Malaria,236,61,263,83
MAL (104).jpg,274,184,Malaria,210,91,227,110
MAL (104).jpg,274,184,Malaria,210,110,229,127
MAL (105).jpg,259,194,Malaria,97,125,108,135
MAL (105).jpg,259,194,Malaria,86,140,96,150
MAL (105).jpg,259,194,Malaria,75,147,88,158
MAL (105).jpg,259,194,Malaria,93,166,105,175
MAL (105).jpg,259,194,Malaria,128,124,143,138
MAL (105).jpg,259,194,Malaria,113,151,125,162
MAL (105).jpg,259,194,Malaria,127,163,135,172
MAL (105).jpg,259,194,Malaria,102,137,113,146
MAL (105).jpg,259,194,Malaria,96,144,104,153
MAL (105).jpg,259,194,Malaria,104,150,112,158
MAL (105).jpg,259,194,Malaria,187,125,201,137
MAL (105).jpg,259,194,Malaria,177,139,189,151
MAL (105).jpg,259,194,Malaria,168,148,179,160
MAL (105).jpg,259,194,Malaria,204,151,218,164
MAL (105).jpg,259,194,Malaria,184,164,196,176
MAL (105).jpg,259,194,Malaria,216,162,229,174
MAL (105).jpg,259,194,Malaria,219,124,235,138
MAL (105).jpg,259,194,Malaria,193,137,205,148
MAL (105).jpg,259,194,Malaria,194,150,204,159
MAL (106).jpg,299,168,Malaria,108,1,123,15
MAL (106).jpg,299,168,Malaria,138,24,153,39
MAL (106).jpg,299,168,Malaria,65,54,84,68
MAL (106).jpg,299,168,Malaria,71,67,86,79
MAL (106).jpg,299,168,Malaria,85,62,101,76
MAL (106).jpg,299,168,Malaria,111,61,125,75
MAL (106).jpg,299,168,Malaria,127,55,137,66
MAL (106).jpg,299,168,Malaria,36,28,50,42
MAL (106).jpg,299,168,Malaria,133,124,148,139
MAL (106).jpg,299,168,Malaria,42,131,53,143
MAL (106).jpg,299,168,Malaria,212,35,230,49
MAL (106).jpg,299,168,Malaria,224,11,236,28
MAL (106).jpg,299,168,Malaria,271,45,289,61
MAL (106).jpg,299,168,Malaria,194,114,209,129
MAL (106).jpg,299,168,Malaria,32,50,45,63
MAL (106).jpg,299,168,Malaria,54,96,70,112
MAL (106).jpg,299,168,Malaria,153,64,165,79
MAL (106).jpg,299,168,Malaria,186,12,203,28
MAL (106).jpg,299,168,Malaria,193,75,208,91
MAL (106).jpg,299,168,Malaria,211,91,227,107
MAL (106).jpg,299,168,Malaria,84,105,96,118
MAL (106).jpg,299,168,Malaria,104,120,116,133
MAL (106).jpg,299,168,Malaria,21,4,34,16
MAL (106).jpg,299,168,Malaria,60,147,74,160
MAL (106).jpg,299,168,Malaria,156,91,170,104
MAL (106).jpg,299,168,Malaria,10,72,24,85
MAL (106).jpg,299,168,Malaria,160,124,171,135
MAL (106).jpg,299,168,Malaria,195,144,207,156
MAL (106).jpg,299,168,Malaria,244,134,255,146
MAL (106).jpg,299,168,Malaria,262,143,272,155
MAL (106).jpg,299,168,Malaria,15,130,27,143
MAL (106).jpg,299,168,Malaria,262,98,277,112
MAL (106).jpg,299,168,Malaria,266,12,279,26
MAL (106).jpg,299,168,Malaria,88,85,99,95
MAL (106).jpg,299,168,Malaria,2,113,15,123
MAL (107).jpg,275,183,Malaria,101,53,117,72
MAL (107).jpg,275,183,Malaria,139,62,155,79
MAL (107).jpg,275,183,Malaria,100,139,115,155
MAL (107).jpg,275,183,Malaria,238,162,257,178
MAL (107).jpg,275,183,Malaria,5,9,25,25
MAL (107).jpg,275,183,Malaria,121,16,137,32
MAL (107).jpg,275,183,Malaria,200,13,218,29
MAL (107).jpg,275,183,Malaria,222,50,242,71
MAL (107).jpg,275,183,Malaria,242,27,264,43
MAL (107).jpg,275,183,Malaria,107,109,125,125
MAL (107).jpg,275,183,Malaria,42,112,60,130
MAL (107).jpg,275,183,Malaria,16,83,32,99
MAL (107).jpg,275,183,Malaria,44,30,66,49
MAL (107).jpg,275,183,Malaria,164,30,184,50
MAL (107).jpg,275,183,Malaria,145,131,165,151
MAL (107).jpg,275,183,Malaria,198,104,220,124
MAL (107).jpg,275,183,Malaria,124,82,145,104
MAL (107).jpg,275,183,Malaria,149,93,172,114
MAL (107).jpg,275,183,Malaria,6,140,24,159
MAL (107).jpg,275,183,Malaria,178,68,197,87
MAL (109).jpg,259,194,Malaria,70,68,93,91
MAL (109).jpg,259,194,Malaria,77,100,97,122
MAL (109).jpg,259,194,Malaria,65,2,92,26
MAL (109).jpg,259,194,Malaria,53,24,83,55
MAL (109).jpg,259,194,Malaria,22,54,47,78
MAL (109).jpg,259,194,Malaria,195,1,238,34
MAL (109).jpg,259,194,Malaria,107,10,133,34
MAL (109).jpg,259,194,Malaria,65,139,89,163
MAL (109).jpg,259,194,Malaria,210,173,235,194
MAL (109).jpg,259,194,Malaria,146,172,169,194
MAL (109).jpg,259,194,Malaria,22,103,49,128
MAL (11).jpg,259,194,Malaria,140,84,157,99
MAL (11).jpg,259,194,Malaria,141,108,153,120
MAL (11).jpg,259,194,Malaria,140,131,155,146
MAL (11).jpg,259,194,Malaria,89,139,100,149
MAL (11).jpg,259,194,Malaria,66,151,77,159
MAL (11).jpg,259,194,Malaria,72,63,83,71
MAL (11).jpg,259,194,Malaria,85,67,94,76
MAL (11).jpg,259,194,Malaria,159,14,170,24
MAL (11).jpg,259,194,Malaria,210,25,219,33
MAL (11).jpg,259,194,Malaria,40,39,48,50
MAL (11).jpg,259,194,Malaria,39,51,49,60
MAL (11).jpg,259,194,Malaria,52,98,63,108
MAL (11).jpg,259,194,Malaria,202,154,211,165
MAL (11).jpg,259,194,Malaria,241,169,255,183
MAL (11).jpg,259,194,Malaria,233,101,244,115
MAL (11).jpg,259,194,Malaria,173,38,188,49
MAL (11).jpg,259,194,Malaria,19,171,40,188
MAL (11).jpg,259,194,Malaria,128,39,137,48
MAL (11).jpg,259,194,Malaria,84,6,93,13
MAL (11).jpg,259,194,Malaria,87,12,100,20
MAL (111).jpg,212,154,Malaria,17,31,101,124
MAL (111).jpg,212,154,Malaria,93,57,178,139
MAL (112).jpg,236,177,Malaria,38,14,69,40
MAL (112).jpg,236,177,Malaria,51,69,87,99
MAL (112).jpg,236,177,Malaria,63,99,95,125
MAL (112).jpg,236,177,Malaria,72,128,102,156
MAL (112).jpg,236,177,Malaria,111,52,142,81
MAL (112).jpg,236,177,Malaria,193,89,231,124
MAL (112).jpg,236,177,Malaria,141,149,176,176
MAL (112).jpg,236,177,Malaria,1,46,29,75
MAL (112).jpg,236,177,Malaria,182,19,219,50
MAL (112).jpg,236,177,Malaria,111,131,144,162
MAL (112).jpg,236,177,Malaria,145,91,184,126
MAL (112).jpg,236,177,Malaria,175,116,207,141
MAL (112).jpg,236,177,Malaria,107,15,143,46
MAL (112).jpg,236,177,Malaria,144,9,176,37
MAL (112).jpg,236,177,Malaria,140,65,175,91
MAL (112).jpg,236,177,Malaria,113,92,144,119
MAL (112).jpg,236,177,Malaria,89,75,118,99
MAL (112).jpg,236,177,Malaria,33,105,61,132
MAL (112).jpg,236,177,Malaria,41,133,74,154
MAL (112).jpg,236,177,Malaria,23,147,51,173
MAL (114).jpg,300,168,Malaria,61,58,87,79
MAL (114).jpg,300,168,Malaria,83,75,106,94
MAL (114).jpg,300,168,Malaria,63,83,84,103
MAL (114).jpg,300,168,Malaria,138,20,167,41
MAL (114).jpg,300,168,Malaria,190,39,215,57
MAL (114).jpg,300,168,Malaria,213,33,236,52
MAL (114).jpg,300,168,Malaria,160,83,178,100
MAL (114).jpg,300,168,Malaria,60,133,88,151
MAL (114).jpg,300,168,Malaria,32,20,56,39
MAL (114).jpg,300,168,Malaria,3,18,29,38
MAL (114).jpg,300,168,Malaria,15,91,39,111
MAL (114).jpg,300,168,Malaria,132,113,159,130
MAL (114).jpg,300,168,Malaria,128,130,152,148
MAL (114).jpg,300,168,Malaria,105,136,128,153
MAL (114).jpg,300,168,Malaria,262,34,286,54
MAL (114).jpg,300,168,Malaria,191,130,218,147
MAL (114).jpg,300,168,Malaria,274,99,299,118
MAL (114).jpg,300,168,Malaria,231,63,255,84
MAL (115).jpg,300,168,Malaria,110,69,125,82
MAL (115).jpg,300,168,Malaria,112,81,130,97
MAL (115).jpg,300,168,Malaria,76,113,90,126
MAL (115).jpg,300,168,Malaria,58,124,74,143
MAL (115).jpg,300,168,Malaria,169,63,185,78
MAL (115).jpg,300,168,Malaria,245,63,262,83
MAL (115).jpg,300,168,Malaria,192,6,209,20
MAL (115).jpg,300,168,Malaria,101,33,119,50
MAL (115).jpg,300,168,Malaria,51,61,64,83
MAL (115).jpg,300,168,Malaria,39,66,52,83
MAL (115).jpg,300,168,Malaria,74,92,90,106
MAL (115).jpg,300,168,Malaria,140,11,156,27
MAL (115).jpg,300,168,Malaria,118,30,131,44
MAL (115).jpg,300,168,Malaria,184,96,199,114
MAL (115).jpg,300,168,Malaria,159,107,171,122
MAL (115).jpg,300,168,Malaria,112,115,134,136
MAL (115).jpg,300,168,Malaria,242,142,258,163
MAL (115).jpg,300,168,Malaria,210,52,227,66
MAL (116).jpg,260,194,Malaria,59,37,87,67
MAL (116).jpg,260,194,Malaria,90,62,113,90
MAL (116).jpg,260,194,Malaria,114,90,144,116
MAL (116).jpg,260,194,Malaria,81,120,108,145
MAL (116).jpg,260,194,Malaria,35,102,61,127
MAL (116).jpg,260,194,Malaria,39,129,67,150
MAL (116).jpg,260,194,Malaria,214,63,240,89
MAL (116).jpg,260,194,Malaria,236,51,260,78
MAL (116).jpg,260,194,Malaria,136,5,160,29
MAL (116).jpg,260,194,Malaria,125,135,145,161
MAL (116).jpg,260,194,Malaria,183,114,213,141
MAL (116).jpg,260,194,Malaria,208,92,241,117
MAL (116).jpg,260,194,Malaria,176,141,208,166
MAL (116).jpg,260,194,Malaria,187,172,215,194
MAL (117).jpg,251,201,Malaria,106,66,166,122
MAL (117).jpg,251,201,Malaria,152,1,211,49
MAL (117).jpg,251,201,Malaria,1,41,40,96
MAL (117).jpg,251,201,Malaria,1,2,50,34
MAL (118).jpg,241,181,Malaria,50,13,81,39
MAL (118).jpg,241,181,Malaria,69,37,92,56
MAL (118).jpg,241,181,Malaria,52,50,76,73
MAL (118).jpg,241,181,Malaria,12,37,35,63
MAL (118).jpg,241,181,Malaria,55,86,77,108
MAL (118).jpg,241,181,Malaria,21,83,45,113
MAL (118).jpg,241,181,Malaria,34,106,58,127
MAL (118).jpg,241,181,Malaria,128,69,151,90
MAL (118).jpg,241,181,Malaria,113,21,139,45
MAL (118).jpg,241,181,Malaria,178,52,203,77
MAL (118).jpg,241,181,Malaria,150,113,174,137
MAL (118).jpg,241,181,Malaria,122,136,145,156
MAL (118).jpg,241,181,Malaria,82,158,105,181
MAL (118).jpg,241,181,Malaria,108,96,128,116
MAL (118).jpg,241,181,Malaria,93,111,113,131
MAL (118).jpg,241,181,Malaria,75,124,97,146
MAL (118).jpg,241,181,Malaria,138,30,160,51
MAL (118).jpg,241,181,Malaria,161,30,183,54
MAL (118).jpg,241,181,Malaria,87,64,110,89
MAL (118).jpg,241,181,Malaria,1,126,24,152
MAL (118).jpg,241,181,Malaria,184,122,207,144
MAL (118).jpg,241,181,Malaria,169,138,192,162
MAL (118).jpg,241,181,Malaria,185,157,207,180
MAL (118).jpg,241,181,Malaria,134,155,159,174
MAL (118).jpg,241,181,Malaria,214,82,238,107
MAL (118).jpg,241,181,Malaria,198,27,223,49
MAL (118).jpg,241,181,Malaria,146,57,170,79
MAL (118).jpg,241,181,Malaria,168,2,192,22
MAL (12).jpg,300,168,Malaria,134,24,168,60
MAL (12).jpg,300,168,Malaria,168,36,199,68
MAL (12).jpg,300,168,Malaria,205,1,240,32
MAL (12).jpg,300,168,Malaria,61,3,95,38
MAL (12).jpg,300,168,Malaria,93,22,125,56
MAL (12).jpg,300,168,Malaria,28,61,70,97
MAL (12).jpg,300,168,Malaria,1,85,27,116
MAL (12).jpg,300,168,Malaria,26,112,55,147
MAL (12).jpg,300,168,Malaria,109,135,145,165
MAL (12).jpg,300,168,Malaria,273,145,300,167
MAL (120).jpg,266,190,Malaria,89,159,113,177
MAL (120).jpg,266,190,Malaria,219,7,252,29
MAL (120).jpg,266,190,Malaria,81,36,103,56
MAL (120).jpg,266,190,Malaria,48,117,72,138
MAL (120).jpg,266,190,Malaria,14,154,35,173
MAL (121).jpg,275,183,Malaria,185,41,205,62
MAL (121).jpg,275,183,Malaria,256,36,273,54
MAL (122).jpg,300,168,Malaria,60,48,76,63
MAL (122).jpg,300,168,Malaria,69,63,81,75
MAL (122).jpg,300,168,Malaria,136,33,151,48
MAL (122).jpg,300,168,Malaria,121,39,139,54
MAL (122).jpg,300,168,Malaria,148,52,168,68
MAL (122).jpg,300,168,Malaria,176,8,192,24
MAL (122).jpg,300,168,Malaria,219,23,235,39
MAL (122).jpg,300,168,Malaria,240,29,255,46
MAL (122).jpg,300,168,Malaria,177,73,191,86
MAL (122).jpg,300,168,Malaria,197,88,212,103
MAL (122).jpg,300,168,Malaria,139,126,151,140
MAL (122).jpg,300,168,Malaria,148,121,161,134
MAL (122).jpg,300,168,Malaria,93,117,106,132
MAL (122).jpg,300,168,Malaria,106,115,118,128
MAL (122).jpg,300,168,Malaria,113,125,128,139
MAL (122).jpg,300,168,Malaria,105,88,124,106
MAL (122).jpg,300,168,Malaria,121,74,137,88
MAL (122).jpg,300,168,Malaria,42,79,56,92
MAL (122).jpg,300,168,Malaria,44,100,58,113
MAL (122).jpg,300,168,Malaria,29,115,42,129
MAL (122).jpg,300,168,Malaria,28,129,44,144
MAL (122).jpg,300,168,Malaria,166,149,180,163
MAL (122).jpg,300,168,Malaria,224,153,241,167
MAL (122).jpg,300,168,Malaria,245,92,261,107
MAL (122).jpg,300,168,Malaria,217,80,231,95
MAL (123).jpg,167,301,Malaria,31,40,54,64
MAL (123).jpg,167,301,Malaria,9,60,36,87
MAL (123).jpg,167,301,Malaria,55,5,82,33
MAL (123).jpg,167,301,Malaria,95,68,122,96
MAL (123).jpg,167,301,Malaria,48,96,72,121
MAL (123).jpg,167,301,Malaria,124,92,148,117
MAL (123).jpg,167,301,Malaria,125,4,166,35
MAL (123).jpg,167,301,Malaria,67,34,91,55
MAL (123).jpg,167,301,Malaria,56,51,74,72
MAL (123).jpg,167,301,Malaria,71,62,90,85
MAL (125).jpg,259,195,Malaria,74,36,96,56
MAL (125).jpg,259,195,Malaria,45,51,68,76
MAL (125).jpg,259,195,Malaria,73,119,95,138
MAL (125).jpg,259,195,Malaria,107,139,129,160
MAL (125).jpg,259,195,Malaria,147,154,167,175
MAL (125).jpg,259,195,Malaria,179,86,205,111
MAL (125).jpg,259,195,Malaria,206,81,229,106
MAL (125).jpg,259,195,Malaria,203,36,230,56
MAL (125).jpg,259,195,Malaria,198,52,221,80
MAL (125).jpg,259,195,Malaria,117,44,144,69
MAL (125).jpg,259,195,Malaria,96,14,115,34
MAL (125).jpg,259,195,Malaria,11,82,35,107
MAL (125).jpg,259,195,Malaria,42,77,65,97
MAL (125).jpg,259,195,Malaria,34,150,58,172
MAL (125).jpg,259,195,Malaria,160,122,186,145
MAL (125).jpg,259,195,Malaria,236,117,257,144
MAL (126).jpg,259,195,Malaria,189,31,202,45
MAL (126).jpg,259,195,Malaria,212,117,223,130
MAL (126).jpg,259,195,Malaria,86,120,97,130
MAL (126).jpg,259,195,Malaria,141,151,153,167
MAL (126).jpg,259,195,Malaria,154,152,167,167
MAL (126).jpg,259,195,Malaria,217,150,227,164
MAL (126).jpg,259,195,Malaria,70,83,85,99
MAL (126).jpg,259,195,Malaria,56,16,69,32
MAL (126).jpg,259,195,Malaria,116,91,133,108
MAL (126).jpg,259,195,Malaria,93,72,109,85
MAL (126).jpg,259,195,Malaria,26,140,38,152
MAL (126).jpg,259,195,Malaria,177,86,190,99
MAL (126).jpg,259,195,Malaria,169,93,179,106
MAL (127).jpg,236,177,Malaria,61,87,81,108
MAL (127).jpg,236,177,Malaria,32,79,52,99
MAL (127).jpg,236,177,Malaria,34,51,57,74
MAL (127).jpg,236,177,Malaria,50,35,71,58
MAL (127).jpg,236,177,Malaria,108,48,135,77
MAL (127).jpg,236,177,Malaria,136,35,156,57
MAL (127).jpg,236,177,Malaria,156,37,175,61
MAL (127).jpg,236,177,Malaria,182,26,203,47
MAL (127).jpg,236,177,Malaria,203,34,222,56
MAL (127).jpg,236,177,Malaria,125,133,144,154
MAL (127).jpg,236,177,Malaria,35,151,73,177
MAL (127).jpg,236,177,Malaria,89,125,109,145
MAL (127).jpg,236,177,Malaria,193,148,215,172
MAL (127).jpg,236,177,Malaria,168,131,190,151
MAL (127).jpg,236,177,Malaria,201,90,218,112
MAL (127).jpg,236,177,Malaria,212,79,231,101
MAL (127).jpg,236,177,Malaria,130,3,150,22
MAL (127).jpg,236,177,Malaria,85,4,105,24
MAL (127).jpg,236,177,Malaria,68,1,87,20
MAL (129).jpg,260,194,Malaria,70,36,99,63
MAL (129).jpg,260,194,Malaria,88,59,113,84
MAL (129).jpg,260,194,Malaria,124,56,151,80
MAL (129).jpg,260,194,Malaria,146,42,178,69
MAL (129).jpg,260,194,Malaria,44,134,73,157
MAL (129).jpg,260,194,Malaria,77,144,104,171
MAL (129).jpg,260,194,Malaria,102,145,125,168
MAL (129).jpg,260,194,Malaria,126,152,149,175
MAL (129).jpg,260,194,Malaria,146,111,172,133
MAL (129).jpg,260,194,Malaria,22,63,48,89
MAL (129).jpg,260,194,Malaria,21,3,51,32
MAL (129).jpg,260,194,Malaria,16,37,45,61
MAL (129).jpg,260,194,Malaria,50,21,73,47
MAL (129).jpg,260,194,Malaria,47,50,70,78
MAL (129).jpg,260,194,Malaria,1,79,19,108
MAL (129).jpg,260,194,Malaria,88,1,113,30
MAL (129).jpg,260,194,Malaria,191,18,218,51
MAL (129).jpg,260,194,Malaria,217,24,244,56
MAL (129).jpg,260,194,Malaria,211,56,238,85
MAL (129).jpg,260,194,Malaria,201,88,223,120
MAL (129).jpg,260,194,Malaria,222,91,242,122
MAL (129).jpg,260,194,Malaria,45,115,72,136
MAL (129).jpg,260,194,Malaria,104,104,130,123
MAL (129).jpg,260,194,Malaria,118,118,144,140
MAL (129).jpg,260,194,Malaria,100,169,124,192
MAL (129).jpg,260,194,Malaria,59,160,81,191
MAL (129).jpg,260,194,Malaria,36,158,58,181
MAL (133).jpg,259,194,Malaria,42,31,59,44
MAL (133).jpg,259,194,Malaria,58,109,75,126
MAL (133).jpg,259,194,Malaria,117,132,134,146
MAL (133).jpg,259,194,Malaria,102,151,119,166
MAL (133).jpg,259,194,Malaria,125,148,142,165
MAL (133).jpg,259,194,Malaria,160,82,175,96
MAL (133).jpg,259,194,Malaria,207,96,222,110
MAL (133).jpg,259,194,Malaria,158,56,174,75
MAL (133).jpg,259,194,Malaria,116,45,131,59
MAL (133).jpg,259,194,Malaria,6,125,22,141
MAL (133).jpg,259,194,Malaria,31,138,46,154
MAL (133).jpg,259,194,Malaria,9,176,21,188
MAL (133).jpg,259,194,Malaria,202,31,218,46
MAL (133).jpg,259,194,Malaria,245,42,259,57
MAL (133).jpg,259,194,Malaria,69,158,83,170
MAL (134).jpg,269,187,Malaria,105,79,119,92
MAL (134).jpg,269,187,Malaria,113,65,124,79
MAL (134).jpg,269,187,Malaria,130,67,142,79
MAL (134).jpg,269,187,Malaria,75,78,85,89
MAL (134).jpg,269,187,Malaria,120,108,131,119
MAL (134).jpg,269,187,Malaria,157,19,166,31
MAL (134).jpg,269,187,Malaria,146,63,158,76
MAL (134).jpg,269,187,Malaria,172,98,187,110
MAL (134).jpg,269,187,Malaria,167,123,180,134
MAL (134).jpg,269,187,Malaria,54,70,66,79
MAL (134).jpg,269,187,Malaria,9,45,21,59
MAL (134).jpg,269,187,Malaria,22,144,33,157
MAL (134).jpg,269,187,Malaria,30,155,41,167
MAL (134).jpg,269,187,Malaria,195,35,209,46
MAL (134).jpg,269,187,Malaria,237,39,246,51
MAL (134).jpg,269,187,Malaria,257,31,268,44
MAL (134).jpg,269,187,Malaria,251,18,264,32
MAL (134).jpg,269,187,Malaria,227,86,238,99
MAL (134).jpg,269,187,Malaria,238,89,248,102
MAL (134).jpg,269,187,Malaria,216,46,225,56
MAL (134).jpg,269,187,Malaria,224,51,233,63
MAL (134).jpg,269,187,Malaria,143,96,155,108
MAL (134).jpg,269,187,Malaria,132,22,141,34
MAL (135).jpg,367,137,Malaria,54,42,66,54
MAL (135).jpg,367,137,Malaria,72,1,83,12
MAL (135).jpg,367,137,Malaria,83,6,94,17
MAL (135).jpg,367,137,Malaria,108,40,120,52
MAL (135).jpg,367,137,Malaria,127,6,140,18
MAL (135).jpg,367,137,Malaria,117,18,128,32
MAL (135).jpg,367,137,Malaria,39,89,53,101
MAL (135).jpg,367,137,Malaria,35,127,50,137
MAL (135).jpg,367,137,Malaria,113,93,127,106
MAL (135).jpg,367,137,Malaria,143,63,155,74
MAL (135).jpg,367,137,Malaria,145,48,155,58
MAL (135).jpg,367,137,Malaria,7,34,19,45
MAL (135).jpg,367,137,Malaria,10,44,22,55
MAL (135).jpg,367,137,Malaria,6,69,17,82
MAL (135).jpg,367,137,Malaria,20,5,33,18
MAL (135).jpg,367,137,Malaria,77,72,86,85
MAL (135).jpg,367,137,Malaria,80,102,94,116
MAL (136).jpg,255,198,Malaria,147,66,173,88
MAL (136).jpg,255,198,Malaria,173,129,204,159
MAL (136).jpg,255,198,Malaria,182,76,207,101
MAL (136).jpg,255,198,Malaria,180,47,208,69
MAL (136).jpg,255,198,Malaria,191,15,214,40
MAL (136).jpg,255,198,Malaria,34,22,58,47
MAL (136).jpg,255,198,Malaria,107,77,134,103
MAL (136).jpg,255,198,Malaria,60,153,86,179
MAL (136).jpg,255,198,Malaria,123,42,145,62
MAL (136).jpg,255,198,Malaria,106,1,133,19
MAL (136).jpg,255,198,Malaria,61,121,86,143
MAL (136).jpg,255,198,Malaria,9,76,34,98
syph (1).jpeg,256,197,syphillis,75,61,88,85
syph (1).jpeg,256,197,syphillis,112,43,125,67
syph (1).jpeg,256,197,syphillis,170,113,183,137
syph (1).jpeg,256,197,syphillis,241,109,254,127
syph (1).jpeg,256,197,syphillis,88,105,115,118
syph (1).jpeg,256,197,syphillis,186,87,199,111
syph (1).jpeg,256,197,syphillis,183,1,200,19
syph (1).jpeg,256,197,syphillis,23,161,40,180
syph (1).jpeg,256,197,syphillis,1,22,16,42
syph (10).jpeg,277,182,syphillis,5,82,53,106
syph (10).jpeg,277,182,syphillis,46,116,83,138
syph (10).jpeg,277,182,syphillis,202,78,239,116
syph (11).jpeg,252,167,syphillis,31,55,76,91
syph (11).jpeg,252,167,syphillis,52,1,84,20
syph (11).jpeg,252,167,syphillis,142,111,228,128
syph (11).jpeg,252,167,syphillis,114,27,193,77
syph (11).jpeg,252,167,syphillis,60,107,105,143
syph (12).jpeg,259,195,syphillis,125,78,170,132
syph (13).jpeg,259,194,syphillis,147,26,172,109
syph (14).jpeg,259,194,syphillis,103,26,109,40
syph (14).jpeg,259,194,syphillis,209,8,220,23
syph (14).jpeg,259,194,syphillis,166,29,190,53
syph (14).jpeg,259,194,syphillis,128,135,151,145
syph (14).jpeg,259,194,syphillis,185,157,194,170
syph (15).jpeg,277,182,syphillis,6,85,50,103
syph (15).jpeg,277,182,syphillis,53,118,74,142
syph (15).jpeg,277,182,syphillis,207,78,234,116
syph (16).jpeg,269,188,syphillis,88,52,108,72
syph (16).jpeg,269,188,syphillis,65,122,89,147
syph (16).jpeg,269,188,syphillis,162,20,193,39
syph (16).jpeg,269,188,syphillis,187,69,203,96
syph (16).jpeg,269,188,syphillis,128,91,161,101
syph (16).jpeg,269,188,syphillis,141,144,164,164
syph (17).jpeg,311,162,syphillis,56,2,91,60
syph (17).jpeg,311,162,syphillis,103,81,167,125
syph (17).jpeg,311,162,syphillis,177,84,239,162
syph (18).jpeg,246,205,syphillis,58,7,109,100
syph (18).jpeg,246,205,syphillis,148,51,163,118
syph (18).jpeg,246,205,syphillis,1,161,52,190
syph (18).jpeg,246,205,syphillis,168,165,188,198
syph (18).jpeg,246,205,syphillis,172,115,214,144
syph (18).jpeg,246,205,syphillis,58,80,93,130
syph (18).jpeg,246,205,syphillis,58,80,169,144
syph (19).jpeg,250,196,syphillis,118,113,201,153
syph (2).jpeg,226,223,syphillis,137,78,149,107
syph (2).jpeg,226,223,syphillis,146,104,173,128
syph (2).jpeg,226,223,syphillis,170,16,200,32
syph (2).jpeg,226,223,syphillis,144,173,183,185
syph (2).jpeg,226,223,syphillis,16,159,39,171
syph (2).jpeg,226,223,syphillis,91,34,105,47
syph (2).jpeg,226,223,syphillis,37,4,52,23
syph (2).jpeg,226,223,syphillis,58,140,79,148
syph (2).jpeg,226,223,syphillis,77,132,91,150
syph (20).jpeg,188,232,syphillis,1,42,22,122
syph (20).jpeg,188,232,syphillis,86,64,173,123
syph (20).jpeg,188,232,syphillis,67,138,91,226
syph (20).jpeg,188,232,syphillis,147,199,188,214
syph (20).jpeg,188,232,syphillis,112,4,163,45
syph (21).jpeg,239,211,syphillis,9,15,89,86
syph (21).jpeg,239,211,syphillis,130,62,184,136
syph (21).jpeg,239,211,syphillis,45,132,119,151
syph (21).jpeg,239,211,syphillis,132,184,203,204
syph (21).jpeg,239,211,syphillis,195,69,231,108
syph (22).jpeg,246,205,syphillis,127,75,157,120
syph (22).jpeg,246,205,syphillis,188,1,206,13
syph (23).jpeg,250,201,syphillis,115,50,177,77
syph (24).jpeg,259,194,syphillis,29,52,47,84
syph (24).jpeg,259,194,syphillis,91,28,114,39
syph (24).jpeg,259,194,syphillis,60,120,96,136
syph (24).jpeg,259,194,syphillis,211,101,233,122
syph (24).jpeg,259,194,syphillis,192,146,199,172
syph (25).jpeg,283,178,syphillis,82,66,130,101
syph (25).jpeg,283,178,syphillis,129,102,149,164
syph (25).jpeg,283,178,syphillis,174,42,201,91
syph (25).jpeg,283,178,syphillis,3,52,32,74
syph (25).jpeg,283,178,syphillis,47,14,104,45
syph (25).jpeg,283,178,syphillis,226,15,276,28
syph (25).jpeg,283,178,syphillis,207,13,228,80
syph (25).jpeg,283,178,syphillis,203,83,220,109
syph (25).jpeg,283,178,syphillis,155,76,204,114
syph (25).jpeg,283,178,syphillis,146,147,158,170
syph (26).jpeg,258,196,syphillis,6,33,258,94
syph (27).jpeg,272,185,syphillis,1,6,17,19
syph (27).jpeg,272,185,syphillis,32,1,46,26
syph (27).jpeg,272,185,syphillis,51,3,62,16
syph (27).jpeg,272,185,syphillis,33,39,52,58
syph (27).jpeg,272,185,syphillis,132,101,150,108
syph (27).jpeg,272,185,syphillis,155,49,166,60
syph (27).jpeg,272,185,syphillis,229,33,238,54
syph (27).jpeg,272,185,syphillis,191,27,212,39
syph (27).jpeg,272,185,syphillis,211,5,220,16
syph (27).jpeg,272,185,syphillis,214,34,225,44
syph (27).jpeg,272,185,syphillis,133,33,147,55
syph (27).jpeg,272,185,syphillis,166,47,181,63
syph (27).jpeg,272,185,syphillis,195,56,221,73
syph (27).jpeg,272,185,syphillis,230,71,255,85
syph (27).jpeg,272,185,syphillis,230,86,243,97
syph (27).jpeg,272,185,syphillis,244,100,262,128
syph (27).jpeg,272,185,syphillis,263,108,272,132
syph (27).jpeg,272,185,syphillis,254,129,263,149
syph (27).jpeg,272,185,syphillis,46,71,74,82
syph (27).jpeg,272,185,syphillis,150,147,167,157
syph (27).jpeg,272,185,syphillis,192,144,209,155
syph (27).jpeg,272,185,syphillis,113,54,121,66
syph (27).jpeg,272,185,syphillis,160,163,183,169
syph (27).jpeg,272,185,syphillis,184,157,199,168
syph (27).jpeg,272,185,syphillis,174,169,187,185
syph (27).jpeg,272,185,syphillis,114,13,129,20
syph (27).jpeg,272,185,syphillis,83,23,97,30
syph (27).jpeg,272,185,syphillis,69,24,77,35
syph (27).jpeg,272,185,syphillis,71,36,89,49
syph (27).jpeg,272,185,syphillis,82,56,89,66
syph (27).jpeg,272,185,syphillis,61,54,79,69
syph (27).jpeg,272,185,syphillis,77,93,85,104
syph (27).jpeg,272,185,syphillis,86,99,94,105
syph (27).jpeg,272,185,syphillis,47,119,57,129
syph (27).jpeg,272,185,syphillis,26,114,39,123
syph (27).jpeg,272,185,syphillis,49,135,58,149
syph (27).jpeg,272,185,syphillis,21,137,36,150
syph (27).jpeg,272,185,syphillis,82,134,96,145
syph (27).jpeg,272,185,syphillis,21,123,40,136
syph (27).jpeg,272,185,syphillis,28,154,58,169
syph (27).jpeg,272,185,syphillis,234,178,243,185
syph (27).jpeg,272,185,syphillis,209,178,215,185
syph (27).jpeg,272,185,syphillis,105,166,143,185
syph (27).jpeg,272,185,syphillis,68,106,121,146
syph (28).jpeg,259,194,syphillis,17,7,127,129
syph (29).jpeg,206,240,syphillis,104,69,129,152
syph (3).jpeg,286,176,syphillis,201,14,267,69
syph (3).jpeg,286,176,syphillis,200,128,271,138
syph (3).jpeg,286,176,syphillis,92,115,123,169
syph (3).jpeg,286,176,syphillis,40,53,70,90
syph (3).jpeg,286,176,syphillis,106,22,119,39
syph (3).jpeg,286,176,syphillis,118,5,126,44
syph (3).jpeg,286,176,syphillis,127,28,138,43
syph (3).jpeg,286,176,syphillis,30,45,118,133
syph (30).jpeg,258,195,syphillis,135,24,190,45
syph (30).jpeg,258,195,syphillis,174,96,202,117
syph (30).jpeg,258,195,syphillis,168,150,203,164
syph (30).jpeg,258,195,syphillis,121,164,169,181
syph (31).jpeg,313,161,syphillis,60,55,69,77
syph (31).jpeg,313,161,syphillis,48,84,60,103
syph (31).jpeg,313,161,syphillis,4,135,15,158
syph (31).jpeg,313,161,syphillis,64,131,82,143
syph (31).jpeg,313,161,syphillis,223,56,236,78
syph (31).jpeg,313,161,syphillis,257,39,273,49
syph (31).jpeg,313,161,syphillis,288,39,304,60
syph (31).jpeg,313,161,syphillis,263,144,274,161
syph (4).jpeg,279,181,syphillis,98,34,125,73
syph (4).jpeg,279,181,syphillis,31,8,47,25
syph (4).jpeg,279,181,syphillis,28,31,43,52
syph (4).jpeg,279,181,syphillis,50,30,69,48
syph (4).jpeg,279,181,syphillis,51,3,87,48
syph (4).jpeg,279,181,syphillis,86,17,94,28
syph (4).jpeg,279,181,syphillis,91,1,103,14
syph (4).jpeg,279,181,syphillis,29,65,106,84
syph (4).jpeg,279,181,syphillis,30,84,70,97
syph (4).jpeg,279,181,syphillis,115,65,163,91
syph (4).jpeg,279,181,syphillis,108,114,137,125
syph (4).jpeg,279,181,syphillis,135,29,150,60
syph (4).jpeg,279,181,syphillis,151,16,187,58
syph (4).jpeg,279,181,syphillis,127,1,180,28
syph (4).jpeg,279,181,syphillis,93,112,108,147
syph (4).jpeg,279,181,syphillis,69,128,80,155
syph (4).jpeg,279,181,syphillis,56,104,68,130
syph (4).jpeg,279,181,syphillis,66,107,93,115
syph (4).jpeg,279,181,syphillis,83,151,100,179
syph (4).jpeg,279,181,syphillis,189,91,206,101
syph (4).jpeg,279,181,syphillis,195,4,255,33
syph (4).jpeg,279,181,syphillis,182,34,248,77
syph (4).jpeg,279,181,syphillis,1,77,44,133
syph (4).jpeg,279,181,syphillis,7,134,24,160
syph (4).jpeg,279,181,syphillis,1,56,29,77
syph (4).jpeg,279,181,syphillis,1,1,21,37
syph (4).jpeg,279,181,syphillis,1,45,18,53
syph (4).jpeg,279,181,syphillis,30,152,55,162
syph (4).jpeg,279,181,syphillis,36,136,59,142
syph (4).jpeg,279,181,syphillis,42,143,71,160
syph (4).jpeg,279,181,syphillis,159,93,167,104
syph (4).jpeg,279,181,syphillis,160,85,188,114
syph (4).jpeg,279,181,syphillis,137,103,154,138
syph (4).jpeg,279,181,syphillis,122,151,136,166
syph (4).jpeg,279,181,syphillis,212,75,264,115
syph (4).jpeg,279,181,syphillis,249,38,279,75
syph (4).jpeg,279,181,syphillis,262,1,279,34
syph (4).jpeg,279,181,syphillis,139,144,243,181
syph (4).jpeg,279,181,syphillis,201,125,229,144
syph (4).jpeg,279,181,syphillis,230,107,279,181
syph (4).jpeg,279,181,syphillis,266,73,279,105
syph (4).jpeg,279,181,syphillis,33,173,47,181
syph (4).jpeg,279,181,syphillis,1,167,11,181
syph (5).jpeg,259,194,syphillis,30,51,45,83
syph (5).jpeg,259,194,syphillis,90,28,114,41
syph (5).jpeg,259,194,syphillis,61,121,94,135
syph (5).jpeg,259,194,syphillis,212,103,233,123
syph (5).jpeg,259,194,syphillis,190,147,201,171
syph (6).jpeg,204,247,syphillis,75,7,142,236
syph (7).jpeg,260,194,syphillis,89,43,103,51
syph (7).jpeg,260,194,syphillis,43,24,57,35
syph (7).jpeg,260,194,syphillis,82,90,90,103
syph (7).jpeg,260,194,syphillis,64,101,73,115
syph (7).jpeg,260,194,syphillis,85,120,95,129
syph (7).jpeg,260,194,syphillis,97,118,111,132
syph (7).jpeg,260,194,syphillis,146,84,163,101
syph (7).jpeg,260,194,syphillis,164,20,178,34
syph (7).jpeg,260,194,syphillis,176,82,192,93
syph (8).jpeg,269,188,syphillis,191,75,207,91
syph (8).jpeg,269,188,syphillis,241,62,256,77
syph (8).jpeg,269,188,syphillis,241,41,261,54
syph (8).jpeg,269,188,syphillis,224,125,230,133
syph (8).jpeg,269,188,syphillis,177,136,196,148
syph (8).jpeg,269,188,syphillis,177,161,197,175
syph (8).jpeg,269,188,syphillis,131,142,144,165
syph (8).jpeg,269,188,syphillis,93,123,105,140
syph (8).jpeg,269,188,syphillis,90,140,119,150
syph (8).jpeg,269,188,syphillis,150,56,165,65
syph (8).jpeg,269,188,syphillis,167,29,185,38
syph (8).jpeg,269,188,syphillis,100,78,116,85
syph (8).jpeg,269,188,syphillis,129,47,144,59
syph (8).jpeg,269,188,syphillis,107,85,121,96
syph (8).jpeg,269,188,syphillis,5,119,24,139
syph (8).jpeg,269,188,syphillis,24,81,40,99
syph (8).jpeg,269,188,syphillis,32,17,47,26
syph (8).jpeg,269,188,syphillis,81,1,99,15
syph (8).jpeg,269,188,syphillis,100,15,111,32
syph (8).jpeg,269,188,syphillis,100,35,112,43
syph (8).jpeg,269,188,syphillis,108,54,128,74
syph (8).jpeg,269,188,syphillis,146,12,159,21
syph (8).jpeg,269,188,syphillis,174,9,191,16
syph (8).jpeg,269,188,syphillis,219,10,241,21
syph (8).jpeg,269,188,syphillis,135,179,148,187
syph (8).jpeg,269,188,syphillis,124,178,133,188
syph (8).jpeg,269,188,syphillis,23,148,31,156
syph (9).jpeg,244,207,syphillis,94,52,127,147
